id,a_all,a_intl,p_all,p_intl,adm0_id,adm0_src,adm0_name,adm0_name1,adm0_name2,iso_cd,iso_2,iso_3,iso_3_grp,region3_cd,region3_nm,region2_cd,region2_nm,region1_cd,region1_nm,status_cd,status_nm,wld_date,wld_update,wld_land,wld_view,wld_notes
ABW,,,,,,,Aruba (Neth.),Aruba,,533,AW,ABW,NLD,29,Caribbean,419,Latin America and the Caribbean,19,Americas,5,Territory/Self-governing territory,,,,,
AFG,,,,,,,Afghanistan,Afghanistan,,4,AF,AFG,,,,34,Southern Asia,142,Asia,1,State,,,,,
AGO,,,,,,,Angola,Angola,,24,AO,AGO,,17,Middle Africa,202,Sub-Saharan Africa,2,Africa,1,State,,,,,
AIA,,,,,,,Anguilla (UK),Anguilla,,660,AI,AIA,GBR,29,Caribbean,419,Latin America and the Caribbean,19,Americas,3,Non-self-governing territory,,,,,
ALA,,,,,,,Åland Islands (Fin.),Åland Islands,,248,AX,ALA,FIN,,,154,Northern Europe,150,Europe,5,Territory/Self-governing territory,,,,,
ALB,,,,,,,Albania,Albania,,8,AL,ALB,,,,39,Southern Europe,150,Europe,1,State,,,,,
AND,,,,,,,Andorra,Andorra,,20,AD,AND,,,,39,Southern Europe,150,Europe,1,State,,,,,
ARE,,,,,,,United Arab Emirates,United Arab Emirates,,784,AE,ARE,,,,145,Western Asia,142,Asia,1,State,,,,,
ARG,,,,,,,Argentina,Argentina,,32,AR,ARG,,5,South America,419,Latin America and the Caribbean,19,Americas,1,State,,,,,
ARM,,,,,,,Armenia,Armenia,,51,AM,ARM,,,,145,Western Asia,142,Asia,1,State,,,,,
ASM,,,,,,,American Samoa (USA),American Samoa,,16,AS,ASM,USA,,,61,Polynesia,9,Oceania,3,Non-self-governing territory,,,,,
ATA,,,,,,,Antarctica,Antarctica,,10,AQ,ATA,,,,,,,,0,Antarctica,,,,,
ATF_1,,,,,,,Kerguelen Islands (Fr.),French Southern Territories,,260,TF,ATF,FRA,14,Eastern Africa,202,Sub-Saharan Africa,2,Africa,5,Territory/Self-governing territory,,,,,
ATF_2,,,,,,,Crozet Archipelago (Fr.),French Southern Territories,,260,TF,ATF,FRA,14,Eastern Africa,202,Sub-Saharan Africa,2,Africa,5,Territory/Self-governing territory,,,,,
ATF_3,,,,,,,Saint Paul and Amsterdam Islands (Fr.),French Southern Territories,,260,TF,ATF,FRA,14,Eastern Africa,202,Sub-Saharan Africa,2,Africa,5,Territory/Self-governing territory,,,,,
ATF_4,,,,,,,Bassas da India (Fr.),French Southern Territories,,260,TF,ATF,FRA,14,Eastern Africa,202,Sub-Saharan Africa,2,Africa,5,Territory/Self-governing territory,,,,,
ATF_5,,,,,,,Europa Island (Fr.),French Southern Territories,,260,TF,ATF,FRA,14,Eastern Africa,202,Sub-Saharan Africa,2,Africa,5,Territory/Self-governing territory,,,,,
ATF_6,,,,,,,Glorioso Islands (Fr.),French Southern Territories,,260,TF,ATF,FRA,14,Eastern Africa,202,Sub-Saharan Africa,2,Africa,5,Territory/Self-governing territory,,,,,
ATF_7,,,,,,,Juan de Nova Island (Fr.),French Southern Territories,,260,TF,ATF,FRA,14,Eastern Africa,202,Sub-Saharan Africa,2,Africa,5,Territory/Self-governing territory,,,,,
ATF_8,,,,,,,Tromelin Island (Fr.),French Southern Territories,,260,TF,ATF,FRA,14,Eastern Africa,202,Sub-Saharan Africa,2,Africa,5,Territory/Self-governing territory,,,,,
ATG,,,,,,,Antigua and Barbuda,Antigua and Barbuda,,28,AG,ATG,,29,Caribbean,419,Latin America and the Caribbean,19,Americas,1,State,,,,,
AUS_1,,,,,,,Australia,Australia,,36,AU,AUS,,,,53,Australia and New Zealand,9,Oceania,1,State,,,,,
AUS_2,,,,,,,Ashmore & Cartier Islands (Aust.),Australia,,36,AU,AUS,,,,53,Australia and New Zealand,9,Oceania,5,Territory/Self-governing territory,,,,,
AUS_3,,,,,,,Coral Sea Islands (Aust.),Australia,,36,AU,AUS,,,,53,Australia and New Zealand,9,Oceania,5,Territory/Self-governing territory,,,,,
AUT,,,,,,,Austria,Austria,,40,AT,AUT,,,,155,Western Europe,150,Europe,1,State,,,,,
AZE,,,,,,,Azerbaijan,Azerbaijan,,31,AZ,AZE,,,,145,Western Asia,142,Asia,1,State,,,,,
BDI,,,,,,,Burundi,Burundi,,108,BI,BDI,,14,Eastern Africa,202,Sub-Saharan Africa,2,Africa,1,State,,,,,
BEL,,,,,,,Belgium,Belgium,,56,BE,BEL,,,,155,Western Europe,150,Europe,1,State,,,,,
BEN,,,,,,,Benin,Benin,,204,BJ,BEN,,11,Western Africa,202,Sub-Saharan Africa,2,Africa,1,State,,,,,
BES_1,,,,,,,Bonaire (Neth.),"Bonaire, Sint Eustatius and Saba",,535,BQ,BES,NLD,29,Caribbean,419,Latin America and the Caribbean,19,Americas,5,Territory/Self-governing territory,,,,,
BES_2,,,,,,,Sint Eustatius (Neth.),"Bonaire, Sint Eustatius and Saba",,535,BQ,BES,NLD,29,Caribbean,419,Latin America and the Caribbean,19,Americas,5,Territory/Self-governing territory,,,,,
BES_3,,,,,,,Saba (Neth.),"Bonaire, Sint Eustatius and Saba",,535,BQ,BES,NLD,29,Caribbean,419,Latin America and the Caribbean,19,Americas,5,Territory/Self-governing territory,,,,,
BFA,,,,,,,Burkina Faso,Burkina Faso,,854,BF,BFA,,11,Western Africa,202,Sub-Saharan Africa,2,Africa,1,State,,,,,
BGD,,,,,,,Bangladesh,Bangladesh,,50,BD,BGD,,,,34,Southern Asia,142,Asia,1,State,,,,,
BGR,,,,,,,Bulgaria,Bulgaria,,100,BG,BGR,,,,151,Eastern Europe,150,Europe,1,State,,,,,
BHR,,,,,,,Bahrain,Bahrain,,48,BH,BHR,,,,145,Western Asia,142,Asia,1,State,,,,,
BHS,,,,,,,Bahamas,Bahamas,,44,BS,BHS,,29,Caribbean,419,Latin America and the Caribbean,19,Americas,1,State,,,,,
BIH,,,,,,,Bosnia and Herzegovina,Bosnia and Herzegovina,,70,BA,BIH,,,,39,Southern Europe,150,Europe,1,State,,,,,
BLM,,,,,,,Saint Barthélemy (Fr.),Saint Barthélemy,,652,BL,BLM,FRA,29,Caribbean,419,Latin America and the Caribbean,19,Americas,5,Territory/Self-governing territory,,,,,
BLR,,,,,,,Belarus,Belarus,,112,BY,BLR,,,,151,Eastern Europe,150,Europe,1,State,,,,,
BLZ,,,,,,,Belize,Belize,,84,BZ,BLZ,,13,Central America,419,Latin America and the Caribbean,19,Americas,1,State,,,,,
BMU,,,,,,,Bermuda (UK),Bermuda,,60,BM,BMU,GBR,,,21,Northern America,19,Americas,3,Non-self-governing territory,,,,,
BOL,,,,,,,Bolivia (Plurinational State of),Bolivia (Plurinational State of),,68,BO,BOL,,5,South America,419,Latin America and the Caribbean,19,Americas,1,State,,,,,
BRA,,,,,,,Brazil,Brazil,,76,BR,BRA,,5,South America,419,Latin America and the Caribbean,19,Americas,1,State,,,,,
BRB,,,,,,,Barbados,Barbados,,52,BB,BRB,,29,Caribbean,419,Latin America and the Caribbean,19,Americas,1,State,,,,,
BRN,,,,,,,Brunei Darussalam,Brunei Darussalam,,96,BN,BRN,,,,35,South-eastern Asia,142,Asia,1,State,,,,,
BTN,,,,,,,Bhutan,Bhutan,,64,BT,BTN,,,,34,Southern Asia,142,Asia,1,State,,,,,
BVT,,,,,,,Bouvet Island (Nor.),Bouvet Island,,74,BV,BVT,NOR,5,South America,419,Latin America and the Caribbean,19,Americas,5,Territory/Self-governing territory,,,,,
BWA,,,,,,,Botswana,Botswana,,72,BW,BWA,,18,Southern Africa,202,Sub-Saharan Africa,2,Africa,1,State,,,,,
CAF,,,,,,,Central African Republic,Central African Republic,,140,CF,CAF,,17,Middle Africa,202,Sub-Saharan Africa,2,Africa,1,State,,,,,
CAN,,,,,,,Canada,Canada,,124,CA,CAN,,,,21,Northern America,19,Americas,1,State,,,,,
CCK,,,,,,,Cocos (Keeling) Islands (Aust.),Cocos (Keeling) Islands,,166,CC,CCK,AUS,,,53,Australia and New Zealand,9,Oceania,5,Territory/Self-governing territory,,,,,
CHE,,,,,,,Switzerland,Switzerland,,756,CH,CHE,,,,155,Western Europe,150,Europe,1,State,,,,,
CHL,,,,,,,Chile,Chile,,152,CL,CHL,,5,South America,419,Latin America and the Caribbean,19,Americas,1,State,,,,,
CHN,,,,,,,China,China,,156,CN,CHN,,,,30,Eastern Asia,142,Asia,1,State,,,,,
CIV,,,,,,,Côte d'Ivoire,Côte d'Ivoire,,384,CI,CIV,,11,Western Africa,202,Sub-Saharan Africa,2,Africa,1,State,,,,,
CMR,,,,,,,Cameroon,Cameroon,,120,CM,CMR,,17,Middle Africa,202,Sub-Saharan Africa,2,Africa,1,State,,,,,
COD,,,,,,,Democratic Republic of the Congo,Democratic Republic of the Congo,,180,CD,COD,,17,Middle Africa,202,Sub-Saharan Africa,2,Africa,1,State,,,,,
COG,,,,,,,Congo,Congo,,178,CG,COG,,17,Middle Africa,202,Sub-Saharan Africa,2,Africa,1,State,,,,,
COK,,,,,,,Cook Islands (NZ),Cook Islands,,184,CK,COK,NZL,,,61,Polynesia,9,Oceania,5,Territory/Self-governing territory,,,,,
COL,,,,,,,Colombia,Colombia,,170,CO,COL,,5,South America,419,Latin America and the Caribbean,19,Americas,1,State,,,,,
COM,,,,,,,Comoros,Comoros,,174,KM,COM,,14,Eastern Africa,202,Sub-Saharan Africa,2,Africa,1,State,,,,,
CPT,,,,,,,Clipperton Island (Fr.),Clipperton Island,,900,CP,CPT,FRA,,,61,Polynesia,9,Oceania,5,Territory/Self-governing territory,,,,,
CPV,,,,,,,Cabo Verde,Cabo Verde,,132,CV,CPV,,11,Western Africa,202,Sub-Saharan Africa,2,Africa,1,State,,,,,
CRI,,,,,,,Costa Rica,Costa Rica,,188,CR,CRI,,13,Central America,419,Latin America and the Caribbean,19,Americas,1,State,,,,,
CUB,,,,,,,Cuba,Cuba,,192,CU,CUB,,29,Caribbean,419,Latin America and the Caribbean,19,Americas,1,State,,,,,
CUW,,,,,,,Curaçao (Neth.),Curaçao,,531,CW,CUW,NLD,29,Caribbean,419,Latin America and the Caribbean,19,Americas,5,Territory/Self-governing territory,,,,,
CXR,,,,,,,Christmas Island (Aust.),Christmas Island,,162,CX,CXR,AUS,,,53,Australia and New Zealand,9,Oceania,5,Territory/Self-governing territory,,,,,
CYM,,,,,,,Cayman Islands (UK),Cayman Islands,,136,KY,CYM,GBR,29,Caribbean,419,Latin America and the Caribbean,19,Americas,3,Non-self-governing territory,,,,,
CYP,,,,,,,Cyprus,Cyprus,,196,CY,CYP,,,,145,Western Asia,142,Asia,1,State,,,,,
CZE,,,,,,,Czechia,Czechia,,203,CZ,CZE,,,,151,Eastern Europe,150,Europe,1,State,,,,,
DEU,,,,,,,Germany,Germany,,276,DE,DEU,,,,155,Western Europe,150,Europe,1,State,,,,,
DJI,,,,,,,Djibouti,Djibouti,,262,DJ,DJI,,14,Eastern Africa,202,Sub-Saharan Africa,2,Africa,1,State,,,,,
DMA,,,,,,,Dominica,Dominica,,212,DM,DMA,,29,Caribbean,419,Latin America and the Caribbean,19,Americas,1,State,,,,,
DNK,,,,,,,Denmark,Denmark,,208,DK,DNK,,,,154,Northern Europe,150,Europe,1,State,,,,,
DOM,,,,,,,Dominican Republic,Dominican Republic,,214,DO,DOM,,29,Caribbean,419,Latin America and the Caribbean,19,Americas,1,State,,,,,
DZA,,,,,,,Algeria,Algeria,,12,DZ,DZA,,,,15,Northern Africa,2,Africa,1,State,,,,,
ECU,,,,,,,Ecuador,Ecuador,,218,EC,ECU,,5,South America,419,Latin America and the Caribbean,19,Americas,1,State,,,,,
EGY,,,,,,,Egypt,Egypt,,818,EG,EGY,,,,15,Northern Africa,2,Africa,1,State,,,,,
ERI,,,,,,,Eritrea,Eritrea,,232,ER,ERI,,14,Eastern Africa,202,Sub-Saharan Africa,2,Africa,1,State,,,,,
ESH,,,,,,,Western Sahara,Western Sahara,,732,EH,ESH,MAR,,,15,Northern Africa,2,Africa,3,Non-self-governing territory,,,,,
ESP_1,,,,,,,Spain,Spain,,724,ES,ESP,,,,39,Southern Europe,150,Europe,1,State,,,,,
ESP_2,,,,,,,Canary Islands (Sp.),Spain,,724,ES,ESP,,,,39,Southern Europe,150,Europe,5,Territory/Self-governing territory,,,,,
ESP_3,,,,,,,Plazas de soberanía (Sp.),Spain,,724,ES,ESP,,,,15,Northern Africa,2,Africa,5,Territory/Self-governing territory,,,,,
EST,,,,,,,Estonia,Estonia,,233,EE,EST,,,,154,Northern Europe,150,Europe,1,State,,,,,
ETH,,,,,,,Ethiopia,Ethiopia,,231,ET,ETH,,14,Eastern Africa,202,Sub-Saharan Africa,2,Africa,1,State,,,,,
FIN,,,,,,,Finland,Finland,,246,FI,FIN,,,,154,Northern Europe,150,Europe,1,State,,,,,
FJI,,,,,,,Fiji,Fiji,,242,FJ,FJI,,,,54,Melanesia,9,Oceania,1,State,,,,,
FLK,,,,,,,Falkland Islands (Malvinas),Falkland Islands (Malvinas),,238,FK,FLK,GBR,5,South America,419,Latin America and the Caribbean,19,Americas,3,Non-self-governing territory,,,,,A dispute exists between the Governments of Argentina and the United Kingdom of Great Britain and Northern Ireland concerning sovereignty over the Falkland Islands (Malvinas).
FRA,,,,,,,France,France,,250,FR,FRA,,,,155,Western Europe,150,Europe,1,State,,,,,
FRO,,,,,,,Faroe Islands (Den.),Faroe Islands,,234,FO,FRO,DNK,,,154,Northern Europe,150,Europe,5,Territory/Self-governing territory,,,,,
FSM,,,,,,,Micronesia (Federated States of),Micronesia (Federated States of),,583,FM,FSM,,,,57,Micronesia,9,Oceania,1,State,,,,,
GAB,,,,,,,Gabon,Gabon,,266,GA,GAB,,17,Middle Africa,202,Sub-Saharan Africa,2,Africa,1,State,,,,,
GBR,,,,,,,United Kingdom of Great Britain and Northern Ireland,United Kingdom of Great Britain and Northern Ireland,,826,GB,GBR,,,,154,Northern Europe,150,Europe,1,State,,,,,
GEO_1,,,,,,,Georgia,Georgia,,268,GE,GEO,,,,145,Western Asia,142,Asia,1,State,,,,,
GEO_2,,GEO_1,,GEO_2,,,Abkhazia,Georgia,,268,GE,GEO,,,,145,Western Asia,142,Asia,7,Autonomous region,,,,,
GEO_3,,GEO_1,,GEO_3,,,Ajaria,Georgia,,268,GE,GEO,,,,145,Western Asia,142,Asia,7,Autonomous region,,,,,
GGY,,,,,,,Guernsey (UK),Guernsey,,831,GG,GGY,GBR,830,Channel Islands,154,Northern Europe,150,Europe,5,Territory/Self-governing territory,,,,,
GHA,,,,,,,Ghana,Ghana,,288,GH,GHA,,11,Western Africa,202,Sub-Saharan Africa,2,Africa,1,State,,,,,
GIB,,,,,,,Gibraltar (UK),Gibraltar,,292,GI,GIB,GBR,,,39,Southern Europe,150,Europe,3,Non-self-governing territory,,,,,
GIN,,,,,,,Guinea,Guinea,,324,GN,GIN,,11,Western Africa,202,Sub-Saharan Africa,2,Africa,1,State,,,,,
GLP,,,,,,,Guadeloupe (Fr.),Guadeloupe,,312,GP,GLP,FRA,29,Caribbean,419,Latin America and the Caribbean,19,Americas,5,Territory/Self-governing territory,,,,,
GMB,,,,,,,Gambia,Gambia,,270,GM,GMB,,11,Western Africa,202,Sub-Saharan Africa,2,Africa,1,State,,,,,
GNB,,,,,,,Guinea-Bissau,Guinea-Bissau,,624,GW,GNB,,11,Western Africa,202,Sub-Saharan Africa,2,Africa,1,State,,,,,
GNQ,,,,,,,Equatorial Guinea,Equatorial Guinea,,226,GQ,GNQ,,17,Middle Africa,202,Sub-Saharan Africa,2,Africa,1,State,,,,,
GRC,,,,,,,Greece,Greece,,300,GR,GRC,,,,39,Southern Europe,150,Europe,1,State,,,,,
GRD,,,,,,,Grenada,Grenada,,308,GD,GRD,,29,Caribbean,419,Latin America and the Caribbean,19,Americas,1,State,,,,,
GRL,,,,,,,Greenland (Den.),Greenland,,304,GL,GRL,DNK,,,21,Northern America,19,Americas,5,Territory/Self-governing territory,,,,,
GTM,,,,,,,Guatemala,Guatemala,,320,GT,GTM,,13,Central America,419,Latin America and the Caribbean,19,Americas,1,State,,,,,
GUF,,,,,,,French Guiana (Fr.),French Guiana,,254,GF,GUF,FRA,5,South America,419,Latin America and the Caribbean,19,Americas,5,Territory/Self-governing territory,,,,,
GUM,,,,,,,Guam (USA),Guam,,316,GU,GUM,USA,,,57,Micronesia,9,Oceania,3,Non-self-governing territory,,,,,
GUY,,,,,,,Guyana,Guyana,,328,GY,GUY,,5,South America,419,Latin America and the Caribbean,19,Americas,1,State,,,,,
HKG,,,,,,,"China, Hong Kong SAR","China, Hong Kong Special Administrative Region",,344,HK,HKG,CHN,,,30,Eastern Asia,142,Asia,6,Special region or province,,,,,
HMD,,,,,,,Heard Island and McDonald Islands (Aust.),Heard Island and McDonald Islands,,334,HM,HMD,AUS,,,53,Australia and New Zealand,9,Oceania,5,Territory/Self-governing territory,,,,,
HND,,,,,,,Honduras,Honduras,,340,HN,HND,,13,Central America,419,Latin America and the Caribbean,19,Americas,1,State,,,,,
HRV,,,,,,,Croatia,Croatia,,191,HR,HRV,,,,39,Southern Europe,150,Europe,1,State,,,,,
HTI,,,,,,,Haiti,Haiti,,332,HT,HTI,,29,Caribbean,419,Latin America and the Caribbean,19,Americas,1,State,,,,,
HUN,,,,,,,Hungary,Hungary,,348,HU,HUN,,,,151,Eastern Europe,150,Europe,1,State,,,,,
IDN,,,,,,,Indonesia,Indonesia,,360,ID,IDN,,,,35,South-eastern Asia,142,Asia,1,State,,,,,
IMN,,,,,,,Isle of Man (UK),Isle of Man,,833,IM,IMN,GBR,,,154,Northern Europe,150,Europe,5,Territory/Self-governing territory,,,,,
IND,,,,,,,India,India,,356,IN,IND,,,,34,Southern Asia,142,Asia,1,State,,,,,
IOT,,,,,,,British Indian Ocean Territory,British Indian Ocean Territory,,86,IO,IOT,GBR,14,Eastern Africa,202,Sub-Saharan Africa,2,Africa,5,Territory/Self-governing territory,,,,,Chagos Archipelago appears without prejudice to the question of sovereignty.
IRL,,,,,,,Ireland,Ireland,,372,IE,IRL,,,,154,Northern Europe,150,Europe,1,State,,,,,
IRN,,,,,,,Iran (Islamic Republic of),Iran (Islamic Republic of),,364,IR,IRN,,,,34,Southern Asia,142,Asia,1,State,,,,,
IRQ,,,,,,,Iraq,Iraq,,368,IQ,IRQ,,,,145,Western Asia,142,Asia,1,State,,,,,
ISL,,,,,,,Iceland,Iceland,,352,IS,ISL,,,,154,Northern Europe,150,Europe,1,State,,,,,
ISR,,,,,,,Israel,Israel,,376,IL,ISR,,,,145,Western Asia,142,Asia,1,State,,,,,
ITA,,,,,,,Italy,Italy,,380,IT,ITA,,,,39,Southern Europe,150,Europe,1,State,,,,,
JAM,,,,,,,Jamaica,Jamaica,,388,JM,JAM,,29,Caribbean,419,Latin America and the Caribbean,19,Americas,1,State,,,,,
JEY,,,,,,,Jersey (UK),Jersey,,832,JE,JEY,GBR,830,Channel Islands,154,Northern Europe,150,Europe,5,Territory/Self-governing territory,,,,,
JOR,,,,,,,Jordan,Jordan,,400,JO,JOR,,,,145,Western Asia,142,Asia,1,State,,,,,
JPN,,,,,,,Japan,Japan,,392,JP,JPN,,,,30,Eastern Asia,142,Asia,1,State,,,,,
KAZ,,,,,,,Kazakhstan,Kazakhstan,,398,KZ,KAZ,,,,143,Central Asia,142,Asia,1,State,,,,,
KEN,,,,,,,Kenya,Kenya,,404,KE,KEN,,14,Eastern Africa,202,Sub-Saharan Africa,2,Africa,1,State,,,,,
KGZ,,,,,,,Kyrgyzstan,Kyrgyzstan,,417,KG,KGZ,,,,143,Central Asia,142,Asia,1,State,,,,,
KHM,,,,,,,Cambodia,Cambodia,,116,KH,KHM,,,,35,South-eastern Asia,142,Asia,1,State,,,,,
KIR,,,,,,,Kiribati,Kiribati,,296,KI,KIR,,,,57,Micronesia,9,Oceania,1,State,,,,,
KNA,,,,,,,Saint Kitts and Nevis,Saint Kitts and Nevis,,659,KN,KNA,,29,Caribbean,419,Latin America and the Caribbean,19,Americas,1,State,,,,,
KOR,,,,,,,Republic of Korea,Republic of Korea,,410,KR,KOR,,,,30,Eastern Asia,142,Asia,1,State,,,,,
KWT,,,,,,,Kuwait,Kuwait,,414,KW,KWT,,,,145,Western Asia,142,Asia,1,State,,,,,
LAO,,,,,,,Lao People's Democratic Republic,Lao People's Democratic Republic,,418,LA,LAO,,,,35,South-eastern Asia,142,Asia,1,State,,,,,
LBN,,,,,,,Lebanon,Lebanon,,422,LB,LBN,,,,145,Western Asia,142,Asia,1,State,,,,,
LBR,,,,,,,Liberia,Liberia,,430,LR,LBR,,11,Western Africa,202,Sub-Saharan Africa,2,Africa,1,State,,,,,
LBY,,,,,,,Libya,Libya,,434,LY,LBY,,,,15,Northern Africa,2,Africa,1,State,,,,,
LCA,,,,,,,Saint Lucia,Saint Lucia,,662,LC,LCA,,29,Caribbean,419,Latin America and the Caribbean,19,Americas,1,State,,,,,
LIE,,,,,,,Liechtenstein,Liechtenstein,,438,LI,LIE,,,,155,Western Europe,150,Europe,1,State,,,,,
LKA,,,,,,,Sri Lanka,Sri Lanka,,144,LK,LKA,,,,34,Southern Asia,142,Asia,1,State,,,,,
LSO,,,,,,,Lesotho,Lesotho,,426,LS,LSO,,18,Southern Africa,202,Sub-Saharan Africa,2,Africa,1,State,,,,,
LTU,,,,,,,Lithuania,Lithuania,,440,LT,LTU,,,,154,Northern Europe,150,Europe,1,State,,,,,
LUX,,,,,,,Luxembourg,Luxembourg,,442,LU,LUX,,,,155,Western Europe,150,Europe,1,State,,,,,
LVA,,,,,,,Latvia,Latvia,,428,LV,LVA,,,,154,Northern Europe,150,Europe,1,State,,,,,
MAC,,,,,,,"China, Macao SAR","China, Macao Special Administrative Region",,446,MO,MAC,CHN,,,30,Eastern Asia,142,Asia,6,Special region or province,,,,,
MAF,,,,,,,Saint Martin (Fr.),Saint Martin (French Part),,663,MF,MAF,FRA,29,Caribbean,419,Latin America and the Caribbean,19,Americas,5,Territory/Self-governing territory,,,,,
MAR,,,,,,,Morocco,Morocco,,504,MA,MAR,,,,15,Northern Africa,2,Africa,1,State,,,,,
MCO,,,,,,,Monaco,Monaco,,492,MC,MCO,,,,155,Western Europe,150,Europe,1,State,,,,,
MDA,,,,,,,Republic of Moldova,Republic of Moldova,,498,MD,MDA,,,,151,Eastern Europe,150,Europe,1,State,,,,,
MDG,,,,,,,Madagascar,Madagascar,,450,MG,MDG,,14,Eastern Africa,202,Sub-Saharan Africa,2,Africa,1,State,,,,,
MDV,,,,,,,Maldives,Maldives,,462,MV,MDV,,,,34,Southern Asia,142,Asia,1,State,,,,,
MEX,,,,,,,Mexico,Mexico,,484,MX,MEX,,13,Central America,419,Latin America and the Caribbean,19,Americas,1,State,,,,,
MHL,,,,,,,Marshall Islands,Marshall Islands,,584,MH,MHL,,,,57,Micronesia,9,Oceania,1,State,,,,,
MKD,,,,,,,North Macedonia,North Macedonia,,807,MK,MKD,,,,39,Southern Europe,150,Europe,1,State,,,,,
MLI,,,,,,,Mali,Mali,,466,ML,MLI,,11,Western Africa,202,Sub-Saharan Africa,2,Africa,1,State,,,,,
MLT,,,,,,,Malta,Malta,,470,MT,MLT,,,,39,Southern Europe,150,Europe,1,State,,,,,
MMR,,,,,,,Myanmar,Myanmar,,104,MM,MMR,,,,35,South-eastern Asia,142,Asia,1,State,,,,,
MNE,,,,,,,Montenegro,Montenegro,,499,ME,MNE,,,,39,Southern Europe,150,Europe,1,State,,,,,
MNG,,,,,,,Mongolia,Mongolia,,496,MN,MNG,,,,30,Eastern Asia,142,Asia,1,State,,,,,
MNP,,,,,,,Northern Mariana Islands (USA),Northern Mariana Islands,,580,MP,MNP,USA,,,57,Micronesia,9,Oceania,5,Territory/Self-governing territory,,,,,
MOZ,,,,,,,Mozambique,Mozambique,,508,MZ,MOZ,,14,Eastern Africa,202,Sub-Saharan Africa,2,Africa,1,State,,,,,
MRT,,,,,,,Mauritania,Mauritania,,478,MR,MRT,,11,Western Africa,202,Sub-Saharan Africa,2,Africa,1,State,,,,,
MSR,,,,,,,Montserrat (UK),Montserrat,,500,MS,MSR,GBR,29,Caribbean,419,Latin America and the Caribbean,19,Americas,3,Non-self-governing territory,,,,,
MTQ,,,,,,,Martinique (Fr.),Martinique,,474,MQ,MTQ,FRA,29,Caribbean,419,Latin America and the Caribbean,19,Americas,5,Territory/Self-governing territory,,,,,
MUS,,,,,,,Mauritius,Mauritius,,480,MU,MUS,,14,Eastern Africa,202,Sub-Saharan Africa,2,Africa,1,State,,,,,
MWI,,,,,,,Malawi,Malawi,,454,MW,MWI,,14,Eastern Africa,202,Sub-Saharan Africa,2,Africa,1,State,,,,,
MYS,,,,,,,Malaysia,Malaysia,,458,MY,MYS,,,,35,South-eastern Asia,142,Asia,1,State,,,,,
MYT,,,,,,,Mayotte (Fr.),Mayotte,,175,YT,MYT,FRA,14,Eastern Africa,202,Sub-Saharan Africa,2,Africa,5,Territory/Self-governing territory,,,,,
NAM,,,,,,,Namibia,Namibia,,516,NA,NAM,,18,Southern Africa,202,Sub-Saharan Africa,2,Africa,1,State,,,,,
NCL,,,,,,,New Caledonia (Fr.),New Caledonia,,540,NC,NCL,FRA,,,54,Melanesia,9,Oceania,3,Non-self-governing territory,,,,,
NER,,,,,,,Niger,Niger,,562,NE,NER,,11,Western Africa,202,Sub-Saharan Africa,2,Africa,1,State,,,,,
NFK,,,,,,,Norfolk Island (Aust.),Norfolk Island,,574,NF,NFK,AUS,,,53,Australia and New Zealand,9,Oceania,5,Territory/Self-governing territory,,,,,
NGA,,,,,,,Nigeria,Nigeria,,566,NG,NGA,,11,Western Africa,202,Sub-Saharan Africa,2,Africa,1,State,,,,,
NIC,,,,,,,Nicaragua,Nicaragua,,558,NI,NIC,,13,Central America,419,Latin America and the Caribbean,19,Americas,1,State,,,,,
NIU,,,,,,,Niue (NZ),Niue,,570,NU,NIU,NZL,,,61,Polynesia,9,Oceania,5,Territory/Self-governing territory,,,,,
NLD,,,,,,,Netherlands (Kingdom of the),Netherlands (Kingdom of the),,528,NL,NLD,,,,155,Western Europe,150,Europe,1,State,,,,,
NOR,,,,,,,Norway,Norway,,578,NO,NOR,,,,154,Northern Europe,150,Europe,1,State,,,,,
NPL,,,,,,,Nepal,Nepal,,524,NP,NPL,,,,34,Southern Asia,142,Asia,1,State,,,,,
NRU,,,,,,,Nauru,Nauru,,520,NR,NRU,,,,57,Micronesia,9,Oceania,1,State,,,,,
NZL,,,,,,,New Zealand,New Zealand,,554,NZ,NZL,,,,53,Australia and New Zealand,9,Oceania,1,State,,,,,
OMN,,,,,,,Oman,Oman,,512,OM,OMN,,,,145,Western Asia,142,Asia,1,State,,,,,
PAK,,,,,,,Pakistan,Pakistan,,586,PK,PAK,,,,34,Southern Asia,142,Asia,1,State,,,,,
PAN,,,,,,,Panama,Panama,,591,PA,PAN,,13,Central America,419,Latin America and the Caribbean,19,Americas,1,State,,,,,
PCN,,,,,,,Pitcairn (UK),Pitcairn,,612,PN,PCN,GBR,,,61,Polynesia,9,Oceania,3,Non-self-governing territory,,,,,
PER,,,,,,,Peru,Peru,,604,PE,PER,,5,South America,419,Latin America and the Caribbean,19,Americas,1,State,,,,,
PHL,,,,,,,Philippines,Philippines,,608,PH,PHL,,,,35,South-eastern Asia,142,Asia,1,State,,,,,
PLW,,,,,,,Palau,Palau,,585,PW,PLW,,,,57,Micronesia,9,Oceania,1,State,,,,,
PNG,,,,,,,Papua New Guinea,Papua New Guinea,,598,PG,PNG,,,,54,Melanesia,9,Oceania,1,State,,,,,
POL,,,,,,,Poland,Poland,,616,PL,POL,,,,151,Eastern Europe,150,Europe,1,State,,,,,
PRI,,,,,,,Puerto Rico (USA),Puerto Rico,,630,PR,PRI,USA,29,Caribbean,419,Latin America and the Caribbean,19,Americas,5,Territory/Self-governing territory,,,,,
PRK,,,,,,,Democratic People's Republic of Korea,Democratic People's Republic of Korea,,408,KP,PRK,,,,30,Eastern Asia,142,Asia,1,State,,,,,
PRT_1,,,,,,,Portugal,Portugal,,620,PT,PRT,,,,39,Southern Europe,150,Europe,1,State,,,,,
PRT_2,,,,,,,Madeira Islands (Port.),Portugal,,620,PT,PRT,,,,39,Southern Europe,150,Europe,5,Territory/Self-governing territory,,,,,
PRT_3,,,,,,,Azores Islands (Port.),Portugal,,620,PT,PRT,,,,39,Southern Europe,150,Europe,5,Territory/Self-governing territory,,,,,
PRY,,,,,,,Paraguay,Paraguay,,600,PY,PRY,,5,South America,419,Latin America and the Caribbean,19,Americas,1,State,,,,,
PSE_1,,,,,,,West Bank,State of Palestine,,275,PS,PSE,,,,145,Western Asia,142,Asia,2,Occupied Palestinian Territory,,,,,
PSE_2,,,,,,,Gaza,State of Palestine,,275,PS,PSE,,,,145,Western Asia,142,Asia,2,Occupied Palestinian Territory,,,,,
PYF,,,,,,,French Polynesia (Fr.),French Polynesia,,258,PF,PYF,FRA,,,61,Polynesia,9,Oceania,3,Non-self-governing territory,,,,,
QAT,,,,,,,Qatar,Qatar,,634,QA,QAT,,,,145,Western Asia,142,Asia,1,State,,,,,
REU,,,,,,,Réunion (Fr.),Réunion,,638,RE,REU,FRA,14,Eastern Africa,202,Sub-Saharan Africa,2,Africa,5,Territory/Self-governing territory,,,,,
ROU,,,,,,,Romania,Romania,,642,RO,ROU,,,,151,Eastern Europe,150,Europe,1,State,,,,,
RUS,,,,,,,Russian Federation,Russian Federation,,643,RU,RUS,,,,151,Eastern Europe,150,Europe,1,State,,,,,
RWA,,,,,,,Rwanda,Rwanda,,646,RW,RWA,,14,Eastern Africa,202,Sub-Saharan Africa,2,Africa,1,State,,,,,
SAU,,,,,,,Saudi Arabia,Saudi Arabia,,682,SA,SAU,,,,145,Western Asia,142,Asia,1,State,,,,,
SDN,,,,,,,Sudan,Sudan,,729,SD,SDN,,,,15,Northern Africa,2,Africa,1,State,,,,,Final boundary between the Republic of Sudan and the Republic of South Sudan has not yet been determined.
SEN,,,,,,,Senegal,Senegal,,686,SN,SEN,,11,Western Africa,202,Sub-Saharan Africa,2,Africa,1,State,,,,,
SGP,,,,,,,Singapore,Singapore,,702,SG,SGP,,,,35,South-eastern Asia,142,Asia,1,State,,,,,
SGS,,,,,,,South Georgia and the South Sandwich Islands (UK),South Georgia and the South Sandwich Islands,,239,GS,SGS,GBR,5,South America,419,Latin America and the Caribbean,19,Americas,5,Territory/Self-governing territory,,,,,
SHN_1,,,,,,,Saint Helena (UK),Saint Helena,,654,SH,SHN,GBR,11,Western Africa,202,Sub-Saharan Africa,2,Africa,3,Non-self-governing territory,,,,,
SHN_2,,,,,,,Ascencion (UK),Saint Helena,,654,SH,SHN,GBR,11,Western Africa,202,Sub-Saharan Africa,2,Africa,3,Non-self-governing territory,,,,,
SHN_3,,,,,,,Tristan da Cunha (UK),Saint Helena,,654,SH,SHN,GBR,11,Western Africa,202,Sub-Saharan Africa,2,Africa,3,Non-self-governing territory,,,,,
SHN_4,,,,,,,Gough (UK),Saint Helena,,654,SH,SHN,GBR,11,Western Africa,202,Sub-Saharan Africa,2,Africa,3,Non-self-governing territory,,,,,
SJM_1,,,,,,,Svalbard Islands (Nor.),Svalbard and Jan Mayen Islands,,744,SJ,SJM,NOR,,,154,Northern Europe,150,Europe,5,Territory/Self-governing territory,,,,,
SJM_2,,,,,,,Jan Mayen Island (Nor.),Svalbard and Jan Mayen Islands,,744,SJ,SJM,NOR,,,154,Northern Europe,150,Europe,5,Territory/Self-governing territory,,,,,
SLB,,,,,,,Solomon Islands,Solomon Islands,,90,SB,SLB,,,,54,Melanesia,9,Oceania,1,State,,,,,
SLE,,,,,,,Sierra Leone,Sierra Leone,,694,SL,SLE,,11,Western Africa,202,Sub-Saharan Africa,2,Africa,1,State,,,,,
SLV,,,,,,,El Salvador,El Salvador,,222,SV,SLV,,13,Central America,419,Latin America and the Caribbean,19,Americas,1,State,,,,,
SMR,,,,,,,San Marino,San Marino,,674,SM,SMR,,,,39,Southern Europe,150,Europe,1,State,,,,,
SOM,,,,,,,Somalia,Somalia,,706,SO,SOM,,14,Eastern Africa,202,Sub-Saharan Africa,2,Africa,1,State,,,,,
SPM,,,,,,,Saint Pierre and Miquelon (Fr.),Saint Pierre and Miquelon,,666,PM,SPM,FRA,,,21,Northern America,19,Americas,5,Territory/Self-governing territory,,,,,
SRB_1,,,,,,,Serbia,Serbia,,688,RS,SRB,,,,39,Southern Europe,150,Europe,1,State,,,,,
SRB_2,,SRB_1,,SRB_2,,,Vojvodina,Serbia,,688,RS,SRB,,,,39,Southern Europe,150,Europe,7,Autonomous region,,,,,
SSD,,,,,,,South Sudan,South Sudan,,728,SS,SSD,,14,Eastern Africa,202,Sub-Saharan Africa,2,Africa,1,State,,,,,Final boundary between the Republic of Sudan and the Republic of South Sudan has not yet been determined.
STP,,,,,,,Sao Tome and Principe,Sao Tome and Principe,,678,ST,STP,,17,Middle Africa,202,Sub-Saharan Africa,2,Africa,1,State,,,,,
SUR,,,,,,,Suriname,Suriname,,740,SR,SUR,,5,South America,419,Latin America and the Caribbean,19,Americas,1,State,,,,,
SVK,,,,,,,Slovakia,Slovakia,,703,SK,SVK,,,,151,Eastern Europe,150,Europe,1,State,,,,,
SVN,,,,,,,Slovenia,Slovenia,,705,SI,SVN,,,,39,Southern Europe,150,Europe,1,State,,,,,
SWE,,,,,,,Sweden,Sweden,,752,SE,SWE,,,,154,Northern Europe,150,Europe,1,State,,,,,
SWZ,,,,,,,Eswatini,Eswatini,,748,SZ,SWZ,,18,Southern Africa,202,Sub-Saharan Africa,2,Africa,1,State,,,,,
SXM,,,,,,,Sint Maarten (Neth.),Sint Maarten (Dutch part),,534,SX,SXM,NLD,29,Caribbean,419,Latin America and the Caribbean,19,Americas,5,Territory/Self-governing territory,,,,,
SYC,,,,,,,Seychelles,Seychelles,,690,SC,SYC,,14,Eastern Africa,202,Sub-Saharan Africa,2,Africa,1,State,,,,,
SYR,,,,,,,Syrian Arab Republic,Syrian Arab Republic,,760,SY,SYR,,,,145,Western Asia,142,Asia,1,State,,,,,
TCA,,,,,,,Turks and Caicos Islands (UK),Turks and Caicos Islands,,796,TC,TCA,GBR,29,Caribbean,419,Latin America and the Caribbean,19,Americas,3,Non-self-governing territory,,,,,
TCD,,,,,,,Chad,Chad,,148,TD,TCD,,17,Middle Africa,202,Sub-Saharan Africa,2,Africa,1,State,,,,,
TGO,,,,,,,Togo,Togo,,768,TG,TGO,,11,Western Africa,202,Sub-Saharan Africa,2,Africa,1,State,,,,,
THA,,,,,,,Thailand,Thailand,,764,TH,THA,,,,35,South-eastern Asia,142,Asia,1,State,,,,,
TJK,,,,,,,Tajikistan,Tajikistan,,762,TJ,TJK,,,,143,Central Asia,142,Asia,1,State,,,,,
TKL,,,,,,,Tokelau (NZ),Tokelau,,772,TK,TKL,NZL,,,61,Polynesia,9,Oceania,3,Non-self-governing territory,,,,,
TKM,,,,,,,Turkmenistan,Turkmenistan,,795,TM,TKM,,,,143,Central Asia,142,Asia,1,State,,,,,
TLS,,,,,,,Timor-Leste,Timor-Leste,,626,TL,TLS,,,,35,South-eastern Asia,142,Asia,1,State,,,,,
TON,,,,,,,Tonga,Tonga,,776,TO,TON,,,,61,Polynesia,9,Oceania,1,State,,,,,
TTO,,,,,,,Trinidad and Tobago,Trinidad and Tobago,,780,TT,TTO,,29,Caribbean,419,Latin America and the Caribbean,19,Americas,1,State,,,,,
TUN,,,,,,,Tunisia,Tunisia,,788,TN,TUN,,,,15,Northern Africa,2,Africa,1,State,,,,,
TUR,,,,,,,Türkiye,Türkiye,,792,TR,TUR,,,,145,Western Asia,142,Asia,1,State,,,,,
TUV,,,,,,,Tuvalu,Tuvalu,,798,TV,TUV,,,,61,Polynesia,9,Oceania,1,State,,,,,
TWN,,,,,,,Taiwan,"Taiwan, Province of China",,158,TW,TWN,CHN,,,30,Eastern Asia,142,Asia,6,Special region or province,,,,,
TZA,,,,,,,United Republic of Tanzania,United Republic of Tanzania,,834,TZ,TZA,,14,Eastern Africa,202,Sub-Saharan Africa,2,Africa,1,State,,,,,
UGA,,,,,,,Uganda,Uganda,,800,UG,UGA,,14,Eastern Africa,202,Sub-Saharan Africa,2,Africa,1,State,,,,,
UKR,,,,,,,Ukraine,Ukraine,,804,UA,UKR,,,,151,Eastern Europe,150,Europe,1,State,,,,,
UMI_1,,,,,,,Baker Island (USA),United States Minor Outlying Islands,,581,UM,UMI,USA,,,57,Micronesia,9,Oceania,5,Territory/Self-governing territory,,,,,
UMI_2,,,,,,,Howland Island (USA),United States Minor Outlying Islands,,581,UM,UMI,USA,,,57,Micronesia,9,Oceania,5,Territory/Self-governing territory,,,,,
UMI_3,,,,,,,Jarvis Island (USA),United States Minor Outlying Islands,,581,UM,UMI,USA,,,57,Micronesia,9,Oceania,5,Territory/Self-governing territory,,,,,
UMI_4,,,,,,,Johnston Atoll (USA),United States Minor Outlying Islands,,581,UM,UMI,USA,,,57,Micronesia,9,Oceania,5,Territory/Self-governing territory,,,,,
UMI_5,,,,,,,Kingman Reef (USA),United States Minor Outlying Islands,,581,UM,UMI,USA,,,57,Micronesia,9,Oceania,5,Territory/Self-governing territory,,,,,
UMI_6,,,,,,,Midway Islands (USA),United States Minor Outlying Islands,,581,UM,UMI,USA,,,57,Micronesia,9,Oceania,5,Territory/Self-governing territory,,,,,
UMI_7,,,,,,,Palmyra Atoll (USA),United States Minor Outlying Islands,,581,UM,UMI,USA,,,57,Micronesia,9,Oceania,5,Territory/Self-governing territory,,,,,
UMI_8,,,,,,,Wake Island (USA),United States Minor Outlying Islands,,581,UM,UMI,USA,,,57,Micronesia,9,Oceania,5,Territory/Self-governing territory,,,,,
UMI_9,,,,,,,Navassa Island (USA),United States Minor Outlying Islands,,581,UM,UMI,USA,29,Caribbean,419,Latin America and the Caribbean,19,Americas,5,Territory/Self-governing territory,,,,,
URY,,,,,,,Uruguay,Uruguay,,858,UY,URY,,5,South America,419,Latin America and the Caribbean,19,Americas,1,State,,,,,
USA,,,,,,,United States of America,United States of America,,840,US,USA,,,,21,Northern America,19,Americas,1,State,,,,,
UZB,,,,,,,Uzbekistan,Uzbekistan,,860,UZ,UZB,,,,143,Central Asia,142,Asia,1,State,,,,,
VAT,,,,,,,Holy See,Holy See,,336,VA,VAT,,,,39,Southern Europe,150,Europe,1,State,,,,,
VCT,,,,,,,Saint Vincent and the Grenadines,Saint Vincent and the Grenadines,,670,VC,VCT,,29,Caribbean,419,Latin America and the Caribbean,19,Americas,1,State,,,,,
VEN_1,,,,,,,Venezuela (Bolivarian Republic of),Venezuela (Bolivarian Republic of),,862,VE,VEN,,5,South America,419,Latin America and the Caribbean,19,Americas,1,State,,,,,
VEN_2,,,,,,,Bird Island (Ven.),Venezuela (Bolivarian Republic of),,862,VE,VEN,,29,Caribbean,419,Latin America and the Caribbean,19,Americas,5,Territory/Self-governing territory,,,,,
VGB,,,,,,,British Virgin Islands (UK),British Virgin Islands,,92,VG,VGB,GBR,29,Caribbean,419,Latin America and the Caribbean,19,Americas,3,Non-self-governing territory,,,,,
VIR,,,,,,,United States Virgin Islands (USA),United States Virgin Islands,,850,VI,VIR,USA,29,Caribbean,419,Latin America and the Caribbean,19,Americas,3,Non-self-governing territory,,,,,
VNM,,,,,,,Viet Nam,Viet Nam,,704,VN,VNM,,,,35,South-eastern Asia,142,Asia,1,State,,,,,
VUT,,,,,,,Vanuatu,Vanuatu,,548,VU,VUT,,,,54,Melanesia,9,Oceania,1,State,,,,,
WLF,,,,,,,Wallis and Futuna Islands (Fr.),Wallis and Futuna Islands,,876,WF,WLF,FRA,,,61,Polynesia,9,Oceania,5,Territory/Self-governing territory,,,,,
WSM,,,,,,,Samoa,Samoa,,882,WS,WSM,,,,61,Polynesia,9,Oceania,1,State,,,,,
YEM,,,,,,,Yemen,Yemen,,887,YE,YEM,,,,145,Western Asia,142,Asia,1,State,,,,,
ZAF_1,,,,,,,South Africa,South Africa,,710,ZA,ZAF,,18,Southern Africa,202,Sub-Saharan Africa,2,Africa,1,State,,,,,
ZAF_2,,,,,,,Prince Edward Islands (SA),South Africa,,710,ZA,ZAF,,18,Southern Africa,202,Sub-Saharan Africa,2,Africa,5,Territory/Self-governing territory,,,,,
ZMB,,,,,,,Zambia,Zambia,,894,ZM,ZMB,,14,Eastern Africa,202,Sub-Saharan Africa,2,Africa,1,State,,,,,
ZWE,,,,,,,Zimbabwe,Zimbabwe,,716,ZW,ZWE,,14,Eastern Africa,202,Sub-Saharan Africa,2,Africa,1,State,,,,,
XAB,,,,,,,Abyei,Abyei,,901,,XAB,,14,Eastern Africa,202,Sub-Saharan Africa,2,Africa,99,Sovereignty unsettled,,,,,Final status of the Abyei area is not yet determined.
XAC,,,,,,,,Aksai Chin,,902,,XAC,,,,34,Southern Asia,142,Asia,99,Sovereignty unsettled,,,,,
XAK,,XJK,,XAK,,,Azad Kashmir and Northern Areas,Azad Kashmir and Northern Areas,,903,,XAK,,,,34,Southern Asia,142,Asia,99,Sovereignty unsettled,,,,,Azad Kashmir and Northern Areas are not constitutionally part of Pakistan
XAP,,,,,,,,Arunachal Pradesh,,904,,XAP,,,,34,Southern Asia,142,Asia,99,Sovereignty unsettled,,,,,
XCE,,,,,,,,Chumar East,,905,,XCE,,,,34,Southern Asia,142,Asia,99,Sovereignty unsettled,,,,,
XCH,,,,,,,,Chumar,,906,,XCH,,,,34,Southern Asia,142,Asia,99,Sovereignty unsettled,,,,,
XCR,,,,,,,,Congo River,,907,,XCR,,17,Middle Africa,202,Sub-Saharan Africa,2,Africa,99,Sovereignty unsettled,,,,,
XDE,,,,,,,,Demchok,,908,,XDE,,,,34,Southern Asia,142,Asia,99,Sovereignty unsettled,,,,,
XDI,,,,,,,,Doumeira Islands,,909,,XDI,,14,Eastern Africa,202,Sub-Saharan Africa,2,Africa,99,Sovereignty unsettled,,,,,
XDS,,,,,,,,Dramana-Shakatoe,,910,,XDS,,,,34,Southern Asia,142,Asia,99,Sovereignty unsettled,,,,,
XGH,,SYR,,,,,,Golan Heights,,911,,XGH,,,,145,Western Asia,142,Asia,99,Sovereignty unsettled,,,,,
XHI,,,,,,,,Hans Island,,912,,XHI,,,,21,Northern America,19,Americas,99,Sovereignty unsettled,,,,,
XHT,,,,,,,,Hala'ib Triangle,,913,,XHT,SDN,,,15,Northern Africa,2,Africa,99,Sovereignty unsettled,,,,,
XIB,,,,,,,,Isla Brasilera,,914,,XIB,,5,South America,419,Latin America and the Caribbean,19,Americas,99,Sovereignty unsettled,,,,,
XIK,,,,,,,,Imia/Kardak,,915,,XIK,,,,39,Southern Europe,150,Europe,99,Sovereignty unsettled,,,,,
XIT_1,,,,,,,,Ilemi Triangle,,916,,XIT,SSD,14,Eastern Africa,202,Sub-Saharan Africa,2,Africa,99,Sovereignty unsettled,,,,,
XIT_2,,KEN,,,,,,Ilemi Triangle,,916,,XIT,KEN,14,Eastern Africa,202,Sub-Saharan Africa,2,Africa,99,Sovereignty unsettled,,,,,
XIT_3,,SSD,,,,,,Ilemi Triangle,,916,,XIT,SSD,14,Eastern Africa,202,Sub-Saharan Africa,2,Africa,99,Sovereignty unsettled,,,,,
XJK,,,,,,,Jammu and Kashmir,Jammu and Kashmir,,917,,XJK,,,,34,Southern Asia,142,Asia,99,Sovereignty unsettled,,,,,Dotted line represents approximately the Line of Control in Jammu and Kashmir agreed upon by India and Pakistan. The final status of Jammu and Kashmir has not yet been agreed upon by the parties.
XJL,,,,,,,,No Man's Land,,918,,XJL,,,,145,Western Asia,142,Asia,99,Sovereignty unsettled,,,,,
XJN,,,,,,,,Jadh-Nelang,,919,,XJN,,,,34,Southern Asia,142,Asia,99,Sovereignty unsettled,,,,,
XKA,,,,,,,,Kalapani,,920,,XKA,,,,34,Southern Asia,142,Asia,99,Sovereignty unsettled,,,,,
XKI,,,,,,,,Kuril Islands,,921,,XKI,RUS,,,30,Eastern Asia,142,Asia,99,Sovereignty unsettled,,,,,
XKK,,SDN,,,,,,Kafia Kingi,,922,,XKK,,14,Eastern Africa,202,Sub-Saharan Africa,2,Africa,99,Sovereignty unsettled,,,,,
XKO,,,,,,,,Koualou,,923,,XKO,,11,Western Africa,202,Sub-Saharan Africa,2,Africa,99,Sovereignty unsettled,,,,,
XKT,,,,,,,,Koktash-Khoji Alo,,924,,XKT,,,,143,Central Asia,142,Asia,99,Sovereignty unsettled,,,,,
XKU,,,,,,,,Kauirik,,925,,XKU,,,,34,Southern Asia,142,Asia,99,Sovereignty unsettled,,,,,
XKX,,SRB_1,,XKX,,,Kosovo,Kosovo,,926,,XKX,,,,39,Southern Europe,150,Europe,7,Autonomous region,,,,,
XLB,,,,,,,,Lapthal-Bara Hoti,,940,,XLB,,,,34,Southern Asia,142,Asia,99,Sovereignty unsettled,,,,,
XLE,,,,,,,,Leilek,,927,,XLE,,,,143,Central Asia,142,Asia,99,Sovereignty unsettled,,,,,
XLR,,,,,,,,Liancourt Rocks,,928,,XLR,,,,30,Eastern Asia,142,Asia,99,Sovereignty unsettled,,,,,
XMA,,,,,,,,Machias Seal Island,,929,,XMA,,,,21,Northern America,19,Americas,99,Sovereignty unsettled,,,,,
XMB,,,,,,,,Mont Blanc,,930,,XMB,,,,155,Western Europe,150,Europe,99,Sovereignty unsettled,,,,,
XMR,,,,,,,,Moselle River,,931,,XMO,,,,155,Western Europe,150,Europe,8,Joint sovereignty,,,,,
XMS,,,,,,,,Bi'r Tawīl,,932,,XMS,EGY,,,15,Northern Africa,2,Africa,99,Sovereignty unsettled,,,,,
XPH,,,,,,,,Pheasant Island,,933,,XPH,,,,155,Western Europe,150,Europe,8,Joint sovereignty,,,,,
XPI,,,,,,,,Paracel Islands,,934,,XPI,,,,35,South-eastern Asia,142,Asia,99,Sovereignty unsettled,,,,,
XSI,,,,,,,,Spratly Islands,,935,,XSI,,,,35,South-eastern Asia,142,Asia,99,Sovereignty unsettled,,,,,
XSK,,,,,,,,Senkaku Islands,,936,,XSK,JPN,,,30,Eastern Asia,142,Asia,99,Sovereignty unsettled,,,,,
XSP,,,,,,,,Shipki Pass,,937,,XSP,,,,34,Southern Asia,142,Asia,99,Sovereignty unsettled,,,,,
XSR,,,,,,,,Scarborough Reef,,938,,XSR,,,,35,South-eastern Asia,142,Asia,99,Sovereignty unsettled,,,,,
XSS,,XJK,,XSS,,,,Siachen-Saltoro,,939,,XSS,,,,34,Southern Asia,142,Asia,99,Sovereignty unsettled,,,,,
XVO,,,,,,,,Vorukh NW-Ak Sai,,940,,XVO,,,,143,Central Asia,142,Asia,99,Sovereignty unsettled,,,,,
XUK_1,,,,,,,Akrotiri (UK),Akrotiri and Dekelia,,941,,XUK,GBR,,,145,Western Asia,142,Asia,5,Territory/Self-governing territory,,,,,
XUK_2,,,,,,,Dekelia (UK),Akrotiri and Dekelia,,941,,XUK,GBR,,,145,Western Asia,142,Asia,5,Territory/Self-governing territory,,,,,